x1,x2,x3,x4,x5,y
0.30471707975443135,-1.42791249933346,1.0663185671562971,2.683534493156343,-0.7248987519867796,6.685590565197019
-1.0399841062404955,1.1070717627688742,0.6956290228066784,1.9388722896856776,-1.3515345404489012,2.755123702554699
0.7504511958064572,-1.2071830911484085,-0.6236407960824302,0.5158810558110686,-1.0596830996384383,-0.1135941766485784
0.9405647163912139,1.642552908523541,0.7734221835896061,2.670791885470856,-1.810456759154076,10.648441356659031
-1.9510351886538364,0.6250761573099606,-0.11914738497877009,1.40986782086202,-2.172171654209437,2.143552247629332
-1.302179506862318,-1.8553491580212151,-0.8754733083847195,1.428275270035982,-0.5286170993873625,-9.089581877631677
0.12784040316728537,-1.9782806634851982,1.766832721821302,2.806625831527965,-1.4924974638622208,7.842003508637754
-0.3162425923435822,-1.7933683319424043,1.5868969898998524,0.17846007655002005,-1.2277639225017152,-0.49234153768536437
-0.016801157504288795,0.42370071059091075,-1.6800612670521167,0.6455348238861556,-1.6932211266350965,-0.37183323309246963
-0.85304392757358,1.2059272434376611,0.8159730437573092,1.7573139754641671,-1.704984851541938,6.221236992589535
0.8793979748628286,-1.045788717490446,2.493552078849885,0.5864595287460123,-1.0869188500473081,25.631955834016686
0.7777919354289483,1.3976353716922918,2.588835608344481,2.0385810276268734,-1.3647885970678233,32.25916926706687
0.06603069756121605,-1.7710722393869585,2.538755264327858,0.6422768680101606,-0.8110145010026508,19.07728550784384
1.1272412069680329,1.2038554145667049,1.0583698103521897,0.297470911796443,-0.773730790510204,10.531208757734632
0.4675093422520456,1.7111817206891216,-0.2675679919537266,0.6209554789225192,-0.8395751768376964,0.8639254834019008
-0.8592924628832382,1.0884335964175222,-0.625548241037091,1.2682021028161867,-0.8806996045357781,-1.3519092413309515
0.36875078408249884,0.7924831359145488,1.5169073571255363,0.5284148975192396,-0.2111158975340569,9.530426977547373
-0.9588826008289989,1.3519208746215323,1.5689200515477446,0.4040760747700419,-1.533796884522443,10.723465726346372
0.8784503013072725,-1.8393948018117343,2.930996667407598,2.5808456586568225,-1.0274674331014588,31.13942066842831
-0.049925910986252896,-1.1928715571237785,2.6499694755131253,0.9611916107919235,-0.4336550897402056,23.243008586053524
-0.18486236354526056,-1.5003052827774277,0.8016570152032418,1.082276059554761,-0.3677300953309818,2.9942555226325998
-0.6809295444039414,0.018123960771946113,-0.8663088182913041,0.1658112285036829,-1.7108818246722866,1.8235301711270275
1.2225413386740303,0.980752513315378,0.5213401044836532,1.0721088705061623,-1.156177720827935,6.033214415741732
-0.15452948206880215,0.5200473783055948,1.325846792215787,0.794421531964739,-0.32093945206636976,12.283573061910818
-0.4283278221631072,1.40452439904774,0.6968751319158939,1.8314552020253656,-0.7459604474004673,1.7584843829893895
-0.3521335504882296,-1.3791480302356365,0.13315883788351623,0.6161708930172201,-0.9023684842601136,-2.6534172949827655
0.5323091855533487,0.9384843677406463,1.3793272224548483,2.6650963591885217,-1.1088423467173283,17.906333897026148
0.36544406436407834,-1.2278340365243836,0.24406338788408433,2.7889998627586654,-1.1919004628538727,9.332510349752274
0.4127326115959884,-0.916964994728799,0.05790087441193903,0.2994931715303706,-0.8558904684548378,0.5402107869809267
0.43082100300788273,0.8396187891252156,1.4671792514551594,0.32220886886573163,-1.1261870624922417,16.47449327246902
2.1416476008704612,1.9208191395947272,0.3970111298061928,0.3459793143329639,-1.021289310522222,8.846879708077058
-0.4064150163846156,0.44617442390827833,1.3661565834675282,1.8587077689309361,-0.9607006469424814,10.803910158986046
-0.5122427290715373,-1.7819987400348176,1.409806034278184,0.36590689262886866,-1.3390357642467496,7.096941000248715
-0.8137727282478777,0.46523587971013125,-0.709143501637362,2.5571469537907987,-0.7339353130592808,3.277449037590809
0.6159794225754956,-1.8305977936793316,0.27813831420188173,2.2628145448136774,0.4571223242077098,-3.492742268125159
1.1289722927208916,1.5365828454672688,3.1566654098746936,2.4594265747140724,-1.8884933196630376,46.57352787920844
-0.11394745765487507,0.8383131404024828,-0.7431192691014306,1.5781815806580628,-0.8379937379050101,4.708506965035102
-0.840156476962528,-1.307488614309987,-2.1749816734557967,2.9900316345574605,-1.3800950443094528,-7.288438420375593
-0.8244812156912396,-1.6331159767032077,-1.7927677298637672,0.1325253088324838,-0.711298711240375,-11.743808289762427
0.6505927878247011,-1.265867084478724,1.0436649198650039,1.20379489255834,-0.9767212633360696,4.773242360476689
0.7432541712034423,1.92010871821677,1.0463759170490483,0.9718100068129085,-0.6190726129787683,3.552687036174608
0.543154268305195,-0.16575743016604072,0.8235837168623186,2.845936496137923,-0.41224671174561023,10.17672058287882
-0.6655097072886943,1.1363237933656318,2.821284743392752,1.7305828754927788,-0.9037894411159093,25.09354116129095
0.23216132306671977,0.5456333684311074,-3.0092516496544066,2.418572896334176,-0.4339738557929109,-30.752095311690315
0.11668580914072822,0.2896525998345494,1.5939008116462354,0.5110235809755566,-2.172148946894339,15.386508757597753
0.21868859672901295,-1.4194789813398012,3.3421573027053597,2.935902431701317,-0.20477385104198842,37.866447383865925
0.8714287779481898,1.7840978142323802,-0.691671147337571,1.4959186406289455,-0.81246892405383,1.6671255034334813
0.22359554877468227,-0.7946294699411283,0.4302902323151574,1.4810162288119373,-0.46107832212740907,4.4699746264950715
0.6789135630718949,0.3120688632301687,-0.12933787584293133,2.9126541856372135,-1.609937872420761,17.6607442470022
0.06757906948889146,0.7991037783562644,-0.34151906911629304,1.142197083651435,-1.4153849408026677,3.876453001698336
0.28911939868998415,0.5969326209812356,0.5106069924654401,1.1925750736649787,-0.9270308529276129,9.888552178482307
0.6312882258385404,1.7623776387820738,3.1412279255267572,1.75425810841481,-1.0085189446687315,38.67734818494286
-1.4571558198556664,-1.406244040319768,3.7560800132312804,0.3841578316433608,-0.8584657059950052,60.59641460197537
-0.31967121635730134,0.03341095378776826,0.49609116243977835,0.9632568792355647,-0.45774241953501693,8.000038690646667
-0.4703726542927955,-0.3838624370369361,3.8575903210967053,0.5796249673353916,-1.8826101576514245,71.18713277320512
-0.6388778482433419,-0.10332508206952751,1.0533647154769372,0.3098504373211488,-0.5130904641413454,9.478354959750037
-0.27514225122668373,-1.5231298952090215,3.6305365400516214,2.59843381899306,-0.9958590450210365,56.09508492603524
1.4949413112343959,-1.4636215605089387,0.8600520255197623,1.7679934983824281,-1.101890930562274,8.4640723542822
-0.8658311156932432,-0.8876978168749705,1.1965867390692164,1.0760183745837337,-1.7355576171924452,10.534071840553285
0.9682783545914808,-0.7811815849566748,1.548211708964252,1.2260081321001386,-0.7484756658115674,15.583361636569794
-1.6828697716158048,-0.2883871452746001,5.768280519051303,1.294557011062064,-2.2070539255155186,239.49590717180055
-0.33488502998577485,0.4439501881465131,2.2769283622671836,1.899447546434128,-0.6758029943806436,18.706009600791283
0.1627530651050056,0.538516469673052,-0.06089679492719546,2.7803081744669798,-1.7460529177364958,7.855786112289244
0.5862223313592781,-0.35275641365771904,2.4534968054137867,2.7983388589709475,-0.9732710436912629,26.377602559792805
0.711226579792855,-0.36486756228521156,0.4572511943734878,1.17447593859199,-1.0595844186639602,11.43895686915192
0.7933472351999252,-1.129485893212152,0.2653747256481863,0.9877873787933087,-0.41523092635305814,6.129812952782534
-0.3487250722484376,0.353224993636033,2.3629020398381666,1.3531395005557652,-1.089327584506945,23.297212785678553
-0.46235179266456716,-0.7318363547310485,1.0466283816567292,1.7038026912854778,-1.3470692805728328,5.725807756871612
0.8579758812571538,-1.8557606628905452,1.4178638717677092,1.3854537343492448,-1.2533013479856014,7.992858553556407
-0.1913043248816149,-0.32639982337255846,1.0209778327979386,1.9762602294501028,-0.3635586156226682,4.59566787261104
-1.2756863233379219,-0.10346929963931872,1.504874689908152,1.663197070139291,-0.7318515154095532,12.639709834456234
-1.1332872140034806,-1.097628527183156,1.6374488461542238,0.9621466400822283,-1.1928149907615806,17.141148363578882
-0.9194522860016113,0.2898317324884627,-1.905450399058123,1.0371924172878977,-1.1182232099822567,-5.533364451340125
0.49716074405376404,0.26308760172768375,1.9998590029143004,1.1357783626791926,-1.7835885452927234,22.627730274093544
0.14242573607056525,0.8080087244414855,-0.47302912974545097,0.28391930474816607,-0.8057628995742295,1.7135433051316356
0.6904853540677682,0.5917939288048402,-1.163448703339117,0.49818789724191936,-1.8799078538477327,-1.22919369569059
-0.42725264633653426,0.6097322260841262,0.9123831342119764,2.1693414064361582,-0.6241017670822719,5.296414040965019
0.15853969107671423,-0.7351433927038276,1.1259715049716814,1.16729013456624,-0.935689203754367,5.909331579938802
0.6255903939673367,1.1497288879438154,-0.04025924685842108,0.6436169176804309,0.19347589978696123,-0.4608879494202176
-0.3093465397202384,0.19657753439871772,2.246547786501962,1.6880172317245719,-1.550067776862153,28.18500078654914
0.45677523755741145,-0.27432721928043957,-1.0132627495563602,2.2666186274202818,-1.0513310455203164,7.529472536513201
-0.6619259410666513,0.5040499237642284,0.38958437684116154,0.7722670870361142,-0.10085614953846866,4.198599356811188
-0.3630538465650718,-0.5573706621989829,0.122688797600499,2.4803696457712334,-0.4043051798542928,4.120218720344178
-0.3817378939983291,0.05095697842703295,0.930119094490991,2.7825145788751486,-1.3481060257899498,11.509788307514611
-1.1958396455890397,0.9468227539288812,1.4182964269708582,1.7921835872215222,-0.8880162858132761,8.94676650305244
0.4869724807855818,1.5456115468948308,-0.511839424435317,2.0068429769747387,-0.9990003217924563,2.8605365343002944
-0.46940234020272387,1.6842287891807666,2.0864240161843424,0.15772797096916613,-0.8590220663029214,10.302106046715945
0.01249411872768743,0.014531700732396846,1.0945035525020497,2.8365596730657194,-1.349340217992415,13.541091254167503
0.48074665890590895,0.08110045896227636,-1.8379193799678655,1.1774542027948314,-1.0446602013503672,-2.1035546624662596
0.4465311760299441,1.1994816430553459,-1.9378871605955466,2.7717012016362896,-1.7990261876383569,-4.169826156571544
0.6653851089727862,-0.742197233023195,0.9815210606060332,1.7369325742507278,-0.9324382740659589,4.517447227635385
-0.09848548450942361,1.3495294493802743,0.6685490233204688,0.013856396529982828,-0.774989663289084,0.8748359948049795
-0.42329831204415375,-0.02343341393030629,0.8448698296380497,0.11562599797030715,-1.1137097063219419,6.318774696962266
-0.07971821090639905,-1.5365731026589264,0.9580263152046731,2.041256417009766,-1.807525445292394,3.323506158255915
-1.6873344339580298,-1.7117634117082252,1.338339759265271,1.6880040414957993,-0.5057340685742688,0.9232256248691256
-1.4471124724230873,1.3679728441578525,2.4214744147724496,0.07959731161822303,-0.8177374810035989,13.012528930133874
-1.3226996123544024,-1.7777283323724884,-0.6666573513763372,2.230379883667156,-1.3630075488504885,-8.488026142145785
-0.9972468276014818,-0.8775542554653764,-0.7579573893511922,2.5564360112075453,-1.140300223419032,0.5129850658892456
0.3997742267234366,-0.6634798379938167,-0.6399857868310739,1.489252447317925,-1.7503347013909194,8.509522343725177
-0.9054790553600608,-1.3080222192336248,1.4333750007530603,1.3972723210717648,-1.5127050638889523,8.800532164592214
-0.3781625540393897,-0.7444265207920431,2.8674210679696683,0.016419326503882448,-1.2689056731785697,28.10850248042422
1.2992282977860654,0.9707702669003426,0.3529908426407342,2.3599491374807977,-0.3857895938599244,10.135901092938472
-0.35626397106142593,-1.941268625759717,-2.7525497662394818,0.9921482002383163,-1.3197516954437378,-25.68985053742591
0.7375155684670865,1.3086936980827457,-1.5559892939155633,2.6362908593476186,-0.6798931703356206,2.2023748202219244
-0.933617680009877,1.4261920942982327,-0.2495550841940175,1.1191817626741591,-1.26915810143079,-2.618952520177676
-0.20543755786763002,-0.5109537072338073,0.1634066687571778,1.6952337318921167,-0.8760262195740626,4.969249975384297
-0.9500220549105812,-1.3855484037574608,0.38741705911791036,0.8110253645979826,-1.0706977510719011,-1.356500621972715
-0.3390330759005625,0.40336163178032347,1.0578716844713756,0.48176493775475604,-0.5634716999536282,8.4406512102823
0.8403081374573955,-1.5213097765404227,0.5323805037663293,2.324723710143984,-1.267405669109279,6.913376701279976
-1.7273204231923487,-0.54032255568699,2.5740094158151106,1.4897714365388448,-1.7862641250012206,27.254902097599167
0.43442364354585733,1.8337167236038896,-0.014025958522053017,1.609463771256752,-1.6909745156818163,2.984176757401729
0.2377356023322779,1.9818578903345485,-0.2934769392133145,2.8962478604452064,-1.2659387469713788,3.61783539795162
-0.5941499556967944,1.0884195654183424,1.7183133077806925,2.890739736666461,-1.6245299853390263,15.132947087118522
-1.4460578543884546,-0.7561539603169352,-1.303463104889179,2.5669263651072107,-0.7948939921602244,0.9353927018665651
0.07212950771386951,0.75066019666437,1.5845375579800032,0.5628278782951007,-1.232884082429039,14.278180127311437
-0.5294927090638024,0.8216254619360508,1.1538297755894003,1.7828180829047398,0.18730327501321575,2.133331397809183
0.23267621135470395,-0.448633219345401,0.778836265122749,2.634442273966612,-1.868857297568566,9.043823659404085
0.02185214552344288,0.5635545383446376,3.3824141607238936,1.1233918093468132,-0.8981834106450994,56.385145976892844
1.6017788913209154,-1.957089420097295,0.06668883205792309,0.3033184978067549,-1.5639765117528346,-0.662835005109039
-0.23935562747302427,-1.1637693655910342,4.090447255786118,2.4328887067197655,-1.2467006701913392,81.02800194157773
-1.023497492621865,0.10035321186904467,0.6618528261578511,1.445290654086515,-0.929290263329728,3.2724128290844567
0.17927563495631615,-1.3449947829668165,-0.9155246674553421,1.6931780410775357,-2.1626856874371434,6.124120265081686
0.21999668397176517,-1.3363725284938655,1.104879371492238,2.946432888953533,-0.8815869416059863,7.422706815031438
1.3591875752404365,1.3452171622009517,-0.6143678004781523,1.8216342914822163,-0.04854626886291613,3.181573506614427
0.8351112459145785,1.956532010734422,-0.12763377172025026,1.2749381569983043,-1.2267191491842964,5.533989547733258
0.35687105914950934,0.2238777121137936,1.5955499500232366,1.1099531035415935,-0.8700960715972452,11.189703384961916
1.4633028912195618,1.3562789235268538,1.8333731329751872,1.2528578779621369,-0.48753915343730037,14.227035382294662
-1.188763054322851,1.9612866573050902,0.06674844961861282,0.3551972495360063,-1.0819767500134982,-8.70371980569524
-0.6397515327497477,-1.4336164457249012,2.481107717569601,2.3842516752527154,-1.2904800942657415,24.01806812889684
-0.9265759414055249,-0.20701754698259567,2.736261637031701,2.5131505745611236,-2.137868201860876,37.18752611171958
-0.38980980315576796,-0.42970913663232047,3.1544526348449367,0.8531914037202266,-0.6795046403025133,44.74689326097971
-1.3766861475563088,-1.67980286541526,1.7941201106885831,0.9113898552298323,-1.0565842048644487,6.586196694020324
0.6351509468144043,1.0213206911789778,3.045143068128548,2.6230027690044397,-1.5063419256940809,46.28888290024678
-0.22222269709877338,-0.26488389070962803,-1.8211976419610867,0.07191106658386637,-0.9367016448611533,-5.657773729107276
-1.4708062945026579,-0.12269226323839488,0.5231401770573061,1.561372331301683,-1.2918401784030906,5.078983505798592
-1.0155790812075416,-1.3973081047470393,-0.30050788448513943,1.3910271440445032,-1.2642130655577628,0.5432084160478715
0.3135138474501953,-1.2762933910765275,1.178838791691088,2.070380308735379,-0.6968544219456458,8.171695407267894
0.8381265678943811,1.62841448862486,0.14282617120489405,0.49017510044836343,-1.6691912056619223,5.809991081488604
1.9967308916917865,-1.8214036441028845,0.7507632370754014,2.0049922223854613,-0.47634235696312077,4.7571545329031215
2.9138624660073296,-1.068590860225175,3.8232623203060743,1.1302020236246293,-1.6988430815592017,77.2115001642028
0.4144094332759964,-0.8317626787418866,0.7454203053694326,1.8561443345089261,-1.3313507041776318,7.370887876334315
-0.9895381200318641,-0.03920983039365433,1.6206884757853208,0.12028502961832777,-0.03852690296671135,9.374399162671223
-2.132046280731309,0.3457806920591837,0.6515960051136471,1.3851815915535282,-0.4363226191787889,0.08259569060100763
0.2677114623438358,-0.026840096597333662,1.1135699319352506,1.5667526819471163,-0.9511980037522799,12.062171464203498
-0.812941095310326,-1.663538661772472,1.0090250206541072,0.6429792085649598,-1.4702651077506084,7.6876723919797545
-0.41535726017968533,-1.0253301837771458,1.6724860989597392,0.4188709625373621,-1.2646361533499466,8.293258040306592
-0.6120967990598081,1.3743535390501647,2.7479613033207655,0.5654229090369042,-0.9633623427071518,25.52040507976491
-0.14079088641638526,0.5503548019138362,3.4710909964049943,1.0324232341900441,-0.9812383838302008,58.02185688485741
1.0659802307876436,0.5965962005370975,1.4644301228637504,0.29043044791491435,-1.0454354648129813,14.323695159897298
0.15704856744534462,0.6808130214054198,1.8843203290534032,2.8419593871888136,-1.0154162570420922,25.671318609440362
-0.1586348370386883,1.0516120761581162,-0.7262967637783504,1.214982184487452,-1.107187554852557,0.7216566332938537
-1.0356537528258116,-1.7675660731142107,0.8681848863765691,2.426908807520247,-1.7209893678200063,5.095659890300741
-1.674682944704357,-0.5335664602695505,2.4104341973253836,2.92325136932654,-1.2582553710804163,21.24151025349677
-0.4863079090733309,0.1581097410467147,2.2989529576257297,0.24220584000821732,-0.5426879730065768,18.632930668334375
-0.05378255081832049,-0.6461740668106959,1.3174145991925754,1.9550084038049822,-1.6841671487755587,14.188161987745824
1.767929913579883,1.377915493148746,2.3295909393519287,2.614227260223642,-1.0947777557696392,30.960460264781712
0.13027452147288585,-0.06970996565082421,1.7361500634907283,1.9027033019001849,-1.4098769643854219,18.605040671112544
0.9827395110230576,1.0745103578375166,2.8004593873889823,1.287078364072238,-0.9443247853009443,38.53151125152972
-0.49929559853915206,1.4080620675246762,1.4340387354356667,1.2932290729138147,-1.194316590533409,5.535167017571096
-1.1849437664170246,0.01916593161399227,0.46645252664344805,0.10769665802207673,-0.26130316751266547,1.4930175567094972
-0.9651167622323719,1.6382089754853997,1.5037618853995354,1.6038022538678258,-0.746708422904873,10.114847861742764
-0.7252260645357532,0.34849576214792233,-3.3958915637791636,2.9806289903605423,-1.6559015828886057,-35.58623264060181
2.1284697324351645,1.401097195334887,1.5743286045775742,2.8761225779158024,-0.6643859941931507,16.253694497501183
-0.8213866792243861,-0.6376368176339029,-4.472619237822175,0.12119768652648955,-1.3873259281310315,-105.31547263228455
0.838489203736345,-0.004732165874059113,-1.5851951111081268,2.1173910108884644,-1.2884981856887667,1.9967698693869043
-0.9029271780870264,0.1256441640183108,1.6776529014114763,0.9052946000907924,-0.8430904899464391,13.77030648248143
0.9315730128742441,-1.5800811364157177,1.7162940059001928,2.7089674602184104,-1.2458737098650674,12.390545019895976
0.38495096610586316,-0.40578997319383747,-0.7436431702098956,0.1353442371278356,-0.5535720918385223,4.265259552797199
-0.1566378976580904,1.6693506902067043,-0.06815306281840816,2.8076223060332417,-1.3872550307566978,2.8692958509852104
-0.040762526135434025,0.5233289614589696,3.055811482921198,2.512427231363331,-1.3094732762956816,45.71886918214512
-0.6547876954293904,-1.28997367025213,0.2739548026409857,0.35251314675780454,-1.3281854467740544,-1.7208896792092068
0.44607220148208054,-0.6445774575615801,4.364380468604478,0.17947301195189758,-1.2828193741775196,100.0663206879993
-0.45498348034078,-1.2335879613492007,0.9971202202354807,2.5041229929808075,-0.45040422222609355,5.5138901149054
-1.2256057637672482,-1.9007074728057098,1.6120542653219,0.46727301292373813,-0.6856018531948485,3.4639268060086126
-1.2779375743196193,1.7098418340161068,3.4253115977479114,1.6046944589276115,-0.14502802299396444,41.122091186087275
0.17258791772211948,-0.20717068697251406,1.1965406742901292,2.7472345736361286,0.1338221019496273,6.319316647553831
1.579091256410435,-0.7698597103168554,-0.5035159710362018,1.70234434064797,-1.5153585159661698,12.066765437025358
0.15999161357343825,0.3939087662309464,0.8354088224585648,1.1916999044184724,-0.9647904363363555,6.818298240100983
-0.11863832610988256,-1.9707421748279375,0.9465838957148636,1.3350481645619765,-1.5881001583217165,-0.6221246825824913
0.2858261396025429,-0.8879115735967447,-1.0471124783023482,0.18935151211161305,-1.3888029638741335,-1.8636089624482977
1.3060017417068248,0.8121338627955703,0.6162518929887649,2.9062569640847964,-1.3150412551278348,19.19066632137482
0.21938250136385634,0.5350790922770519,-0.11328814099615503,0.9319625552432483,-1.5285774370691372,8.84557633849376
-0.41092723083373717,1.927223790170142,2.386536635781151,0.5680904750185615,-1.525943636449207,14.645317454527994
1.1062887100598888,0.4814308386321762,1.0519178112778835,0.8581419055211859,-1.0721421892601275,16.420745134364108
0.4287564384616135,-0.08997650548906888,0.575806376278645,2.8931195846744364,-1.6083592091932035,22.970993540507568
1.535755991995992,1.0457302527360306,0.8407271040661356,0.282858160464021,-0.5789365204311836,5.479484676554277
0.18323443722190613,1.6133114878562123,1.3346830276092492,2.601909121503544,-1.4588767687087572,7.555527476815328
-1.2244690317205003,0.8827837868734063,1.9252212995346696,2.1235316832043436,0.4047844850481961,5.8143261670746424
-1.368159199245665,1.8528448941975184,-0.49956834300407205,2.4900575374770844,-1.2256922254821976,-8.797150354747533
1.6509279322312496,1.1280206829527089,-0.5623814489319079,2.927692621103689,-0.9639911790414739,7.982342897186444
1.723665720783297,1.4672057530477058,2.657018823103795,2.5264639665506157,-1.6476705922330175,35.59878039573853
-0.17951921328260065,-1.5435837152654512,0.38149469169290406,2.8301470538335587,-0.14695412093618032,-3.48821779027275
-0.38318732113598775,0.9296540119751509,-1.1252631388953112,0.3808057703727593,-0.4402496595985419,-0.8531422053148319
1.4614442922422022,-0.23964520189052552,1.6657190640746569,2.38736569550091,-0.8515420646319437,19.702165617866186
-1.107045682043488,0.21241520964510086,1.6950547090490304,1.6370270822431432,-1.6734012743897828,14.759008959548776
-0.8947270189558264,0.616409637929427,-1.2960728858850596,1.6304867852395821,-0.8946665611376898,0.09842045492013862
0.6433267946890444,1.8792604668222777,1.3442225731954094,2.696764728961541,-1.5607155230086276,12.054047803426451
-0.3946051228595896,1.9383123257264985,2.1033746386425607,2.915411455940134,-0.2688223682633196,6.756881947048018
-0.005121866720071296,-0.8470870180483789,1.5615796775593946,2.1145149691295426,-0.5954026340734137,18.015593939112037
-0.16344289852451258,0.9350139897516647,1.947972225642093,1.4488151684153516,-0.9522804807561319,15.704134789378951
0.33757454879893356,0.9999341517410745,-1.1064036471361236,1.369211573705536,-2.218187831623661,-0.6620513100097272
1.4074818613137168,-0.6140285547478048,1.4965602324942933,1.1590243716695454,-1.4917079893295153,13.191435571519941
0.09058490690174555,-1.504520900543116,0.5460703607943301,1.084797088717988,-0.6561194342000638,-3.4160396257155528
0.6439387932768579,-1.836212158857121,0.2758147619130328,1.1745205250532942,-0.3935581541384221,-1.128090147170993
-2.0501721010310225,1.1093725101167142,2.30583341412959,0.2692597057535858,-0.4454150942539342,9.963059759049141
-0.04871840193011795,-0.04120103273237641,3.218911766011345,0.23230825578131464,-1.7960065011207278,43.940177842938716
-0.8432302702928711,1.9421606779797047,3.6915550819005385,2.339609531616935,-0.849223846593548,60.06628412457763
-1.218813060423628,-0.14010617522538782,2.9722118072588577,1.3382186787606782,-0.49224239175853524,35.91125818985176
-0.8781523669287508,1.911667916295361,0.8353987275547244,2.7920534656338614,-1.8291677827911226,3.9081141122303245
-0.33412344070081207,-0.3536959912237605,1.5290802445395146,1.8366630257818573,-1.0039522576866182,10.040488642192976
0.9159025423560131,1.1747286022398904,2.1502343076763655,0.10552794655325926,-0.8630788008457719,15.901163236252568
-1.326392717739564,-1.6607229107526718,1.181766923949193,0.4725700239524384,-1.1503822924233675,0.6449716700510554
0.030631492594417446,0.22184684055105564,1.1961462818673165,0.6174593790390227,-1.9260809277006008,11.192185246543511
-0.4841694333335785,1.2082391479428969,2.2356296978142733,2.927208073168982,-1.1628490550368644,13.949369709021168
-0.32767309436196085,1.6988066688795547,0.9110760309611017,0.6561126784549046,-1.163652715127512,-0.551068039060845
1.0027578253046041,1.2903323624697265,-0.09393040456049229,1.547267028864154,-1.0740362022738772,7.227360442035128
0.5381154370039261,-1.852117091195303,0.37829040124621227,2.808530794920588,-1.2817357127125348,2.799049849724782
1.3373981074427437,-0.5091906347730633,1.9508655666006136,2.931578189743072,-1.2215060766207337,21.517435618383523
-0.15450567924990047,-1.805206110744595,1.0044899367999336,0.7090813061506337,-1.019853141173489,-1.0171621744802384
-0.695942611670703,-1.562870835541768,1.5103149653025068,0.1473529312501204,-0.7787726975151444,3.4479180589789706
-0.22385881688049952,0.7012225146699365,2.005118863303285,0.4608054976132755,-1.1522133814283335,15.530591700432955
0.2424967912712216,0.8530327852467927,0.43773780565358555,0.18998543610767427,-1.204824464184001,7.1799731511768785
0.17657335845371103,1.0948827310065052,2.134372245444709,0.5853727232770092,-0.953822980872771,20.126117544068343
-1.0843880722333665,1.4618261922226514,1.5682639051875915,1.7057091441112062,-1.960457962947591,5.897736909360367
0.09048978162787422,0.9577258739060395,-0.8522196303672178,2.7373463888869254,-0.7614824363867709,2.557671661628292
0.22822833013890514,1.2034863684265282,3.1634571867793664,1.61165665108302,-1.0002815485614793,43.96068991529614
2.5174740375339204,-1.804145160706883,0.2488828843646258,1.8779686700972422,-0.9801532367012191,5.886284789833217
1.8768446112816701,-1.0618593982348057,-1.4826430147777758,0.6056017548286233,-0.519632846202768,-0.5165141464513503
-0.8532433505588201,0.48759109350098306,-0.5675655643794535,2.4017508620215504,-1.976407765024124,9.7099610599466
-0.2873833615491761,1.4325012184992927,-0.5315677410174828,1.8533667255167496,-1.9869169349294817,5.946830362764436
-1.4634420018370031,-1.9819995002413635,1.0782599779863002,2.5924104875781744,-0.8630980773382402,3.6072506024462445
-0.5907070139634865,0.05851736846539923,0.5892242416806442,2.8465293210173526,-1.003558427564258,14.168531831585792
0.3156050035903405,0.7091495974575888,0.4947520485391107,1.0437023272697767,-0.9149115284040339,4.796678720342246
1.2058536208882336,-1.8815708434855472,1.9295529482237184,0.27173717560631805,-1.231063537586223,8.988695980223197
-0.7290838377436085,-0.3945777697864483,1.5098130417890556,0.6777868737503474,-0.6678231628800344,9.492748377089475
-0.6541464400677965,1.5825395255347874,1.4740718059664295,1.3135246970275116,-0.5336805785044401,2.5398380871731936
-2.147289029738655,0.6864512354234349,1.614742685993039,2.8370809554734198,-0.7580088530242365,4.529290646159177
-0.16266592054490767,-1.0493665465576107,1.9242020020033574,1.1349294671202457,-1.1304142292022916,9.789110031785835
-1.062414411859563,1.4111245185276506,-2.1619300126661645,2.31231964099611,-2.0538446938072017,-10.749326785847057
-0.5294394273660737,-0.6078743063619427,0.4533426216033082,1.6214300765122651,-0.6153818959814359,2.9247518015735645
-0.8768607781675882,1.4133786845762377,-2.270315096734211,0.5484263112929296,-0.3891356668912036,-18.61070069199899
-0.09426255425255699,-0.8042253955243779,1.054089890196693,0.9622023568603548,-0.67772079400801,4.901287022351654
-1.7577283913566313,0.36128100353259596,0.9930505416634821,1.959575655068456,-1.4398212136837532,2.6762078586752773
-1.4670452453909906,-0.4122397290086637,2.5682984121845203,2.0185601840546803,-0.663102803166121,24.782377922933406
2.129247112028298,-0.9006997969797319,2.7814515890816813,1.3042792404271384,-0.5697351460192772,35.9199086924665
-1.287422581274031,1.5462302486874768,1.304162572378551,0.6859368079863439,-0.22059187610045716,0.12408785850220205
-1.0967855784546396,-1.2496252722420347,0.24945838390465025,2.165720338538029,-1.4380549621139789,10.643807051117513
1.836913528321314,-1.6607536350569476,1.7277416688186067,0.5066191248381443,-1.1132272922720692,11.017175861277371
2.905067169240407,-0.6322922458173585,0.20812354401352973,2.8100090755953797,-0.6263639744282724,15.765681173786433
-1.1715666288253417,0.8705565905662702,0.9979110228349767,0.5637107371094301,-0.9712949642809211,-0.7635174342279356
-0.36824895678803055,1.2297264239051269,2.4792044754411515,0.3219370884975613,-1.5586638010256375,16.16035974294308
0.34155555094050954,1.9949734802670593,0.16334298101586464,1.4929431070961363,-0.7926918574866485,3.474103161347557
1.7286976444055924,-0.8145517719553403,2.2085179588637516,1.558648794329082,-0.7106691830924167,20.825452544040104
-0.9868570784282374,-0.3682321954748713,2.0161020530384537,1.5245787443347343,-0.956018551834499,12.684310963214141
-0.24527784594210975,-1.4527148878814948,-0.4321877256962323,1.3100024680165183,-0.8902075364100279,-0.02935433895328579
0.777337576061744,0.2994877184921343,2.4608411923261015,2.984444678488825,-1.129352950842865,31.220592612171586
0.43476607446661863,1.9903201490516689,2.047849518057258,1.4588418380117456,-0.26086053214197036,7.03878645969966
-0.37615607123009925,0.803524040482634,1.1528888310589862,1.4338397422194928,-1.4503460918563382,7.886749029491858
-0.13382296451604114,0.380851361653487,-0.1434851870414784,1.2652981881436838,-1.2936603813818894,10.049033154850413
-1.3748958083699818,-0.430523628312824,-0.28880902786335505,0.2004772641043887,-0.9945072432362372,-1.8319697571956297
-0.23817374397466523,1.6611950411422192,0.1935061346454663,1.778869893448848,-0.5605229861495538,-5.2220408840490435
-0.2663874900089551,-0.012333615478602233,1.81389169493794,0.6839033166695473,-1.7486865850472684,17.9276468901536
0.23216988962625595,-1.462532346747754,-0.4334377511020968,1.9128269406871496,-1.6551483748827196,5.365570756333278
-0.555327218819016,-0.5384861472034661,1.6562683729298049,0.15250038584543146,-2.018864253867359,8.893508324726284
0.471538522545139,-1.7313333246089324,-0.8626332933175889,2.944161303759005,-0.9836523873733646,-4.424154503422243
1.0127158178198286,-1.1920838492448738,0.6938971233417266,1.4070152370380167,-1.5591529086032718,6.256455811699019
0.15542932766846604,-1.9293248760003512,1.1644716318610129,2.690266114772095,-1.1922750550089583,4.299824696009263
0.35175640839920347,-0.18688033399934634,4.667695217588375,1.4266835196988044,-0.6693109050541459,130.88293694145503
0.053155347577867364,0.5381610598071886,-1.0659734832805512,0.1809924557226652,-1.3207713603914233,-1.4969022708847404
8.439309141418043e-05,-0.626830150484369,3.2080218497352,2.4666406382814206,-0.8843589886283177,46.521753551855525
-0.7215580335428474,-0.31847291397889155,1.22476362098092,1.9445511890014031,-1.149668953875861,12.230513339359844
0.316494261673308,1.8368370913783036,1.6167578770239448,2.3452711427218356,-0.6639428424517816,0.24067392644097652
-0.09728659841348947,1.007852486299662,1.1775218700823067,1.28450959052662,-0.7624359663259956,10.467237039830392
2.093168308930595,0.16342654777980492,1.6670902272928494,1.9138102327399347,-1.345966848087305,19.353460611396706
1.5733549024752425,-0.861836499552699,0.7694723434569735,2.5686870113898226,-1.0843258767002264,13.89053353924422
0.3858465525565008,1.5879871950919808,3.1810752721861872,1.8931963286156623,-0.4781283011397528,40.99042421335281
-0.7630572096947675,-1.059611532477362,0.3152932836629164,1.04302090450771,-0.8033115648729515,5.719090087185168
-1.112411471983418,-0.6986290779332918,2.6983518582688717,1.9875887830985994,-1.6984810288755656,32.21499666051761
1.191142953088865,1.636259257691794,0.03344931968046572,2.015562565842202,-0.6721909694143087,-1.5933930568616441
0.2627492251471385,0.11816822114028946,0.9096222303980696,2.8817608875198752,-1.542305311218119,12.572375316884278
0.4801434033916108,0.9692717976719067,-0.6079438284353289,1.1127369646250076,-0.293743465019497,3.9569325036758367
-1.7445859869741926,0.3629791766550645,1.6825355805212798,1.2752453025423935,-0.48795058007948755,6.981991742348888
0.9274384815581808,0.6137568360379806,3.167688935389801,2.4363688835611774,-0.8550572620407996,49.943918457599636
0.45442033821436295,-0.8024668339406977,0.8839657302687189,1.5172869442282237,-0.9213835782819033,11.302148525382076
-1.110430684414478,-1.0345117534933483,0.7046714519441357,2.2097192793471994,-1.10451612801371,7.113998178269421
-0.47152480744994896,-0.710030611325339,-0.6719254446018903,1.379128393360776,-0.660738024299986,1.707919343545643
0.2637172043565196,-1.3782337436663101,0.6560610196715378,0.6464854254381014,-1.1853890847310309,-2.0790903407454535
0.05246679835624363,1.4972574611632297,-1.3891913895822916,2.2356115283430325,-0.8822150646800531,-3.976444738286133
-0.292171185803555,-0.8670122669995437,-0.36931698007824076,0.3934655075541298,-0.5640328167402744,3.2464544981780317
-0.10348826806596086,0.24595757765753845,1.3401790691637032,0.5957509905939242,-1.2809032717627948,7.226775187400756
-0.25197737820688537,1.1678977005654962,2.978519796612094,1.8804749483526257,-1.3080963699953472,38.21598084210848
0.15256251210246857,1.1352964375028542,5.213816291844255,2.2418094005762095,-1.5971827403622294,178.79436926963132
1.471491972993157,-0.24645496566322844,0.12012237239364898,2.684063660603445,-1.5322363730630861,15.763778820044063
-2.5666584409312976,-0.09497076565309737,3.15295023496816,0.8177594922476751,-1.9141976557207512,28.218991832576254
-0.23685026450968424,1.9788069957400993,1.365628720602472,0.33217277580166304,-0.6350856054922351,-4.378280834596816
0.17651242137244696,0.6983899079160962,0.7731285298804362,2.8681399785678874,-0.0955427289586146,12.429698150834628
0.2959939896870995,1.2585537724715308,1.6488916775892282,0.4632692640664273,-0.2873355282648472,8.159763496668983
-0.37191458132128985,1.6102158768769277,1.0928747255199387,0.5930009467639186,-1.8130422443132583,-4.074279445842934
-1.7567217824785826,1.1503593449173568,1.1655935884183277,0.8739883606753972,-0.6375726642219,3.0847651357554673
0.32799548371410964,-1.2592826201857297,0.38750025575999625,1.5881740620788625,-0.2889468250382218,3.243060183261321
1.727350214164185,0.24868293495028881,-1.097164489698276,2.6484766981022343,-1.228404990369332,15.2013015761721
-1.5338614049161376,-1.5924233707418205,-1.3154378037831225,2.2816380681896007,-0.9492762846749753,-4.573924880249255
0.8638280136981883,0.6116885062559936,1.9798673249218406,2.1244726615279053,-2.003946525402335,25.988443219826674
-0.3285252231228939,1.821397712751244,0.58494986487143,0.525541703568011,-0.8666319160116792,-1.6412998929238276
-0.0613243458288473,0.05092825720044525,0.10586665051575006,1.0730478945779227,-1.5317798647173588,9.577780750122306
-1.052898510703949,-0.2681100285289313,1.0127584400847303,1.435214778260034,-0.9001824910442427,13.600765616632115
-0.33445617235587666,-1.8566289943273473,2.1923983793734414,0.44227786045675754,-1.7806014610944403,14.241521779620568
1.3000445946989585,1.8390980893168813,1.2705459145395972,0.8202891063800175,-0.728570887761202,2.8843528403905543
0.582655241987707,-1.5879892634793649,0.01591759503854895,0.9249996118585327,-0.4877436622866551,1.7520580374628105
1.732311605409944,-1.8356836267806123,2.8394394334734248,0.38182859498711774,-1.3915899308575839,31.516528030852147
1.1774118889776937,-1.0157335539802461,3.368778254472448,1.6507190757247727,-1.5684612907052173,57.91483366252739
0.4390866789295762,-1.7378782643264703,1.74183498298428,2.1150845895725787,-2.0780115212749903,11.781651861095556
1.743934526167792,-0.17952863035295064,2.4604952670161353,0.20979489443058363,-1.1332067670375885,32.88661016780566
0.43899315873829875,0.0643512050284496,2.8629399952207164,1.4433693052894494,-1.2907969671408026,40.616268881115076
0.8279881767970589,-0.7497202038856643,2.6951489746067705,2.346633585803385,-1.7755097061740273,43.905453682485835
-0.29657095353470836,-1.7961580697004558,1.9211487656689354,2.243970386857341,-0.7734906218439142,7.211731772766541
0.06654581585920483,-1.5535985270030932,1.8975205706123242,2.4452192886562623,-1.2249851909323246,12.146409371553164
-0.6974238233002769,-0.46198248804028763,1.7794908600197539,1.344721899511821,-1.5378679793226162,13.534068162169866
0.989583934594853,-1.7578861966938555,-0.6460065118205653,2.461671247919582,-1.2772862028202234,0.5698849616694399
-1.1783036231148656,0.7927589024396537,2.0510847352893786,0.7222592136428084,-0.4643477305351922,9.107933833455391
0.7823503424176613,-1.171917833900752,-1.033720956689831,1.0824316842525459,-0.698531528122389,-7.0177176451663446
-0.19065105750515945,-0.791713724865446,-0.19189918268758244,0.5290667292534039,-1.065013030749245,2.1329419287399896
1.1712470934673194,-0.42349689128761003,2.9553476017121314,1.4024536182857155,-0.6904474907675737,41.57413597782052
0.7508689887312598,-0.33356146772340844,2.2603302440412962,1.1761800672463298,-1.5804559781933696,23.4837353801868
1.8206461576468016,-1.9933571693007979,3.231097434528794,0.7227813492429366,-0.9838149496364847,44.79804788866928
0.7307746911386448,-1.5517185160052098,0.5924884244690616,2.2553421276923444,-0.9263388347567647,4.805967259198877
-1.5720402556532407,1.4510582549635123,-0.7283732619151513,0.9415403163349397,-1.2349182542493635,-2.982788005134851
-0.06695317289820084,-1.9950677499523675,0.6393442043944857,0.8184129904375071,-0.7822708320212911,-1.793199403710827
-1.172007192594816,0.03266942325150035,1.1530469458608614,0.3926709925514852,-1.3902167273222257,8.416351417270569
-0.5182798423662747,-0.04199197397116761,1.1184830745100145,1.316465105405846,-0.7450896461119411,9.24516417313396
1.5112284332767216,-0.6676233559574487,2.7005207181350523,0.9088938865119061,-0.724070614234354,37.19283321898394
0.637533810897696,-0.27469191941420146,0.4580943624948317,1.107818524022906,-2.458579940348533,11.83700771699751
-0.6989304285787463,1.1223245501063372,1.5280517077043863,0.707991787861658,-0.40484714824494117,7.324608858074921
-1.013717366440399,1.3648148248598257,-0.48294072415190903,2.2894664694597013,-2.523816282676377,4.897572182476295
0.03278209287626079,-0.9586058263389998,1.6754759170657194,2.790010042064152,-1.3080245127780628,15.018305966331452
-1.2165601493811278,-0.7100382361290807,1.004662825278455,1.493795558366663,-0.4873259828711225,5.992699118159355
-0.6711402773965811,-1.030068587886669,-0.12472000742677625,1.9289952700224977,-1.1586433626262203,10.691595553781744
0.31200947155124387,-0.08054639779573947,0.6462559567377208,2.601516829820118,-1.733092991234771,13.379810414810903
1.1553120361066962,0.7330334306352517,0.7237363802271675,2.996488912000976,-1.5468685308583354,17.790538258774625
0.6087614722244398,-1.0869884981463178,0.5947673059943557,1.8405494541894964,-0.48654712683969015,9.832768447952883
-2.2912895085981,-0.6770570317805333,3.657011863401525,2.669338399619606,-1.9607522652743192,67.19650282254634
0.3043667290302598,1.721538470356602,0.8523309965381806,2.725824739666926,-0.43550444951899137,2.987522234631796
0.07203357323257792,-1.8057228406121677,0.6341558347339934,2.374354463422867,-1.0275510495211446,-5.039026276874557
0.41389028537269307,-0.1569215790417351,-2.1461764364152125,1.3827941732193305,-1.5961976652212169,-2.5514272676410457
1.6162096816512073,0.8462321663871113,-0.341311027969216,0.24346200127169793,-1.2915575361513456,2.2485946707138593
-2.063238276804743,-1.3981839537701037,0.6053898633154707,0.047416666320401535,-1.5086121705508206,2.1523438948998663
-0.5911034251911056,-1.8105039199780726,-0.02877901426496421,1.4316018998487738,-0.5668873995707358,-2.443786787015643
0.5909063227933546,-1.447178513445877,3.0725613900666953,1.4829436006038532,-0.6337860951185809,40.20787698071618
-1.5815943994539423,1.6752927741227315,0.7525933369056721,1.2220871635889168,-1.8595805669380234,-6.2998962851692655
1.475949048053509,-1.9629608727155063,2.9326663739773786,1.7045020538740936,-1.201796059259667,26.57400655142405
0.3683566127006584,-1.2467121007545927,1.092556951075552,1.656488109913281,-1.4315928311721384,9.531952471060945
0.846583985843404,-1.8748659483934218,1.0558417546323648,2.5098391230980788,-0.35324501577031486,1.8643282298650927
-0.5709436615217945,-1.557482129751187,0.8668053284312486,0.32597130978678723,-1.6750495590632104,-0.41535451698722614
0.8137636899662105,0.4805971465131851,1.0056943774321887,0.6755329983166364,-0.19788544765749305,10.540916834701548
1.0684715559890383,-1.0334443650436569,3.578192504574789,2.379014936878891,-1.0166473697584688,70.71244735330781
0.23287802013716835,0.2768482017227072,-2.4794160901268274,2.5435106016709637,-1.5809672031900437,-5.426348433722261
0.23440089269869593,0.3607815310645046,-2.0023186166580182,2.984472640862603,-1.3386370920046389,3.1365458898985907
0.2703432392817259,1.3977413323591161,0.18524375341582922,2.6187360491612526,-1.4008094203842254,9.639459705070166
-0.8633452647393817,-1.9810344283525043,1.0217918229063534,2.6696970212169933,-1.637309201007753,7.948301147872286
-0.14752868024035293,1.413477837369467,2.0351566371460184,0.9430438278897145,-0.9525865701348122,12.076496769879896
-0.1525225324523588,0.476476345707896,1.7096307970412128,1.2049849020281291,-1.6139577753459218,8.646751092770499
0.3833938643534951,-1.3490260555801696,0.4236311306791447,0.8042553144616531,-2.0901831043690944,4.055917714516873
0.9998242469102946,1.091749552541136,2.5285655398626434,1.8188981945781468,-1.1898382354240866,32.12521375105215
-1.0585360819784093,1.421966167162343,2.5452931047290965,2.816416062621115,-1.9014280982089413,21.59951662344619
-0.12500903031957764,-0.9829460649833708,1.2760867469073482,1.0339226595348532,-1.3760804340337602,8.320205125939037
1.4814555476589732,1.6751747236107235,2.443986358730262,1.6710053456443505,-1.454551444301678,24.78722389952907
-0.7435882288125641,-0.18217027880536873,1.4089678951481932,0.8888988913604552,-1.435608036012907,14.545243698312973
-0.8222500172903203,0.4136978173332859,0.15777545982567454,0.5093999213181225,0.00048155079507683496,4.400214299808617
0.20230619183119358,1.9385981344705745,2.046725258500007,0.585556589455967,-0.9717942164152146,11.399867245320298
0.8443851904853201,-0.5538556854432026,1.1659196838680166,0.17383603361438982,-0.877314495502334,12.2258981607261
0.01142605556065933,1.2526373832804514,1.0020097701317303,2.8478805690277724,-1.8881991481711473,11.969638093741978
1.3289605904369892,-0.7264035286861614,3.2094303582843615,1.2086388255228888,-1.326981566818461,49.42856309193497
0.8567939825665268,1.196854088965964,-2.6763081928101298,2.5023626760063244,-0.892348685029244,-19.297111287293543
0.8418200668900618,0.40293567545056996,-1.1265262552393547,2.0439884180690733,-1.5122644564565033,1.9467709432063458
0.5541165013240933,-1.1345772190983943,-0.7806056395615553,0.5757634842332562,-0.5459685782410073,1.884792397451574
2.327653100346085,-0.34389562484305447,0.4551090286467916,0.5263867397372635,-1.6013482929505152,14.27552397685426
-0.2051616888660442,-0.7294574625457533,0.6180877453509548,2.4359646045316348,-1.1431830679325878,12.421204790966971
-2.003522292066514,-1.6875664276785445,-1.2609884716595712,0.7941351318586121,-1.2930258199877793,-3.4820325767579385
1.604254361517141,-1.88066091960121,-0.47773704846623954,2.7398555511059275,-0.917839670309042,5.988636401303063
-0.45769943095682564,-0.6140853783712763,-0.29126251778535517,0.4201662140684719,-1.320245035927713,0.14304125756989716
0.10788044434303304,-1.9238634087300537,4.686136138113838,2.0331258433634085,-1.1354468135354687,119.79947014721995
1.309550684860527,-1.3380489696728999,3.70261292162072,2.4434216280928016,-1.1180650458889927,68.43814493931598
-1.6022595410589253,0.9007332834034751,0.38237587347302604,0.705769165246935,-1.3671938786956506,6.86679324886387
-1.2516472141061394,0.8323649427343516,0.45462506453980156,0.8286220903696981,-0.7574530657514437,5.052286609363326
-1.6012779371188537,0.9543215458295307,-0.7238059957824412,2.893556658417605,-0.8808058125812873,2.098498067365856
-0.7941362900254239,-0.731387315480085,-1.8621956198379,0.7937928160384748,-1.0443069726265837,-7.839879808027536
0.43963660601699356,1.560077828470782,0.8246797203872139,1.2898711497001434,-1.2152291667309791,2.6263263910620376
0.524187842812771,0.37532219211379036,-0.4967779748660386,1.2975467797270983,-0.6017279847400014,8.81535733878981
0.27627417932855375,-1.495894633013494,0.8727242025069853,0.7591042497890507,-1.1179171219070907,0.20470402740533888
-1.4127658838923665,-1.4251253541778635,-1.4003087735652162,2.3273732593112717,-1.1533486439129685,-4.659941934711961
-2.310103436632644,0.772381707718806,-0.14296168746538673,2.3155480296874655,-0.947654985055937,-2.190448918692192
0.054353585390382264,-1.3082242542316878,1.2229406429542462,1.134954042671357,-0.15170665851457465,9.939579008623259
-0.47177603363833576,0.02917080632817326,1.5493143966759062,2.505377373242201,-1.6701781040106018,15.246344010891871
0.45938577171661177,1.9670979037148428,1.626207938113022,0.6392248031970071,-0.6150715534723227,-2.1429574991442664
0.7019536262212701,-1.983969581066642,-0.980733476235556,0.012917327003035939,-1.9465855806190526,-5.091329782794627
0.13824143205868192,-1.9336807924097723,2.2820285952033426,1.7135020861672232,-0.891363420885688,11.822968937413807
0.7601330853758538,1.972338327722026,-0.20031754490277542,2.9822333173571356,-0.21245858619563462,-0.5748174327752451
0.22921137411506842,0.33855533653666203,1.9492868719109597,0.11593292948065381,-0.7556657377663465,16.08099962065095
0.5300647056014667,-1.4923600979259475,0.9840419850727102,0.6239942211253817,-0.9146874607301037,3.2334842296565665
-0.7046732628698824,1.5892087990163746,-1.0645812486169217,1.5567439274612527,-1.2802247344015378,-2.1603871003371147
